Area,Perimeter,MajorAxisLength,MinorAxisLength,roundnes,Class_BOMBAY,Class_CALI,Class_SIRA
0.236167377,0.301274473,0.32912202,0.302008097,0.886236776,0,1,0
0.034870291,0.060583385,0.111693117,0.054954946,0.868136777,0,0,1
0.217244136,0.288347385,0.354175832,0.233112771,0.873417943,0,1,0
0.231254442,0.32930685,0.420801091,0.213724472,0.836226215,0,1,0
0.927318763,0.902390989,0.898216787,0.839723072,0.889446024,1,0,0
0.149733475,0.197499346,0.259929961,0.183297912,0.892789726,0,1,0
0.215023099,0.288596394,0.277402732,0.307230476,0.869133231,0,1,0
0.033137882,0.048135451,0.126615644,0.034198483,0.8877254,0,0,1
0.02793177,0.029423305,0.061003091,0.080352763,0.910938652,0,0,1
0.205765814,0.291374479,0.390300636,0.18519688,0.848697943,0,1,0
0.234035181,0.356192275,0.451757334,0.202012736,0.803411754,0,1,0
0.960971926,0.923329124,0.89573573,0.882954964,0.892658229,1,0,0
0.245771144,0.335471709,0.390299694,0.259973538,0.850974353,0,1,0
0.972325871,0.952640501,0.992052528,0.809645084,0.871611006,1,0,0
0.029699716,0.043528784,0.098456164,0.049989331,0.887156025,0,0,1
0.21344172,0.322056663,0.403723341,0.184792882,0.817192715,0,1,0
0.89623312,0.839811759,0.824623604,0.862994873,0.93230298,1,0,0
0.022316986,0.029799334,0.10351719,0.026594454,0.893556882,0,0,1
1.0,0.998433004,0.980192579,0.861852112,0.847049275,1,0,0
0.017261905,0.027455128,0.103186094,0.014746478,0.88337049,0,0,1
0.185936389,0.269593738,0.336147208,0.188355856,0.84632069,0,1,0
0.031609808,0.049733887,0.088897564,0.06943979,0.880223238,0,0,1
0.985074627,0.95851988,0.947569783,0.866108328,0.874737426,1,0,0
0.242563966,0.345156649,0.43786887,0.223161558,0.832019458,0,1,0
0.022921109,0.002581896,0.012927952,0.116217057,0.954104179,0,0,1
0.223063255,0.320404149,0.398794027,0.206827308,0.8355005,0,1,0
0.966542289,0.960725748,0.924229465,0.866074188,0.85981328,1,0,0
0.019722814,0.023639505,0.071688897,0.049325813,0.898568612,0,0,1
0.027309879,0.036994185,0.084481651,0.056503623,0.893474724,0,0,1
0.032071784,0.044201612,0.112888523,0.042823472,0.892590919,0,0,1
0.243052594,0.373278317,0.466138886,0.2032761,0.794646218,0,1,0
0.196250888,0.283404934,0.394040933,0.162523388,0.843919906,0,1,0
0.240893746,0.329900447,0.384629978,0.2612106,0.851127803,0,1,0
0.034301706,0.036818118,0.070959762,0.08673275,0.914168443,0,0,1
0.213059701,0.28935977,0.364053677,0.2250401,0.864516475,0,1,0
0.026119403,0.038099634,0.066132751,0.069747857,0.887774832,0,0,1
0.236096304,0.319767793,0.378988458,0.25167341,0.85808598,0,1,0
0.986789268,0.931443296,0.931886491,0.884534196,0.90290124,1,0,0
0.014756574,0.002995654,0.023346909,0.081565733,0.927479302,0,0,1
0.224902274,0.304312886,0.35117266,0.24955056,0.862299217,0,1,0
0.995771144,0.926993833,0.919647802,0.907398083,0.913887564,1,0,0
0.030836887,0.041051271,0.075644049,0.074143769,0.895426767,0,0,1
0.894944918,0.867863,0.860169599,0.831248818,0.900944965,1,0,0
0.962348969,0.958477121,0.948267284,0.839037447,0.859064827,1,0,0
0.20094172,0.298446083,0.399473926,0.172045968,0.829865519,0,1,0
0.948347548,0.915589724,0.909175831,0.856597483,0.891383938,1,0,0
0.244491827,0.329783488,0.37797152,0.270774048,0.857178108,0,1,0
0.922921109,0.897730245,0.943226012,0.797234416,0.890965798,1,0,0
0.234434968,0.310900306,0.41338289,0.22351423,0.868552301,0,1,0
0.943754442,0.907408898,0.865392856,0.893717977,0.896384428,1,0,0
0.032125089,0.030185424,0.062875249,0.08734684,0.92172652,0,0,1
0.017537313,0.019343471,0.061808688,0.053176836,0.900955615,0,0,1
0.024191542,0.017576514,0.045016719,0.088146871,0.924902194,0,0,1
0.951847903,0.939861813,0.899468782,0.867587869,0.869712301,1,0,0
0.023338664,0.152515494,0.045151922,0.083819166,0.688618305,0,0,1
0.247201493,0.347321015,0.396319886,0.260247029,0.836346064,0,1,0
0.214010306,0.315172445,0.373591819,0.217618452,0.827912767,0,1,0
0.220833333,0.318617069,0.380898223,0.217584153,0.834364582,0,1,0
0.216942075,0.304126758,0.369767185,0.218186009,0.848980993,0,1,0
0.233955224,0.330281506,0.406808622,0.226011458,0.839244151,0,1,0
0.226528074,0.29573591,0.39602385,0.217853507,0.878188425,0,1,0
0.948160981,0.91503637,0.902250816,0.863290556,0.891810581,1,0,0
0.981112296,0.923023523,0.946405624,0.862157322,0.907459885,1,0,0
0.033511016,0.069259714,0.138281141,0.02449659,0.847975719,0,0,1
0.219891613,0.317392146,0.457174527,0.165897236,0.834559148,0,1,0
0.983644279,0.952341188,0.921025286,0.885094109,0.879782154,1,0,0
0.178784648,0.23569959,0.241763461,0.255189138,0.886661697,0,1,0
0.157480455,0.194347747,0.220246992,0.231059571,0.914429543,0,1,0
0.011886994,0.0,0.0,0.099192809,0.925011278,0,0,1
0.231858564,0.293776536,0.36042927,0.255907253,0.890499083,0,1,0
0.900586354,0.887131014,0.866292085,0.832485394,0.885187446,1,0,0
0.908324449,0.882387267,0.806378963,0.899772214,0.895903257,1,0,0
0.018789979,0.003048474,0.028904472,0.087024523,0.940052172,0,0,1
0.014987562,0.01549012,0.085653907,0.024228755,0.901298102,0,0,1
0.163139659,0.280951315,0.402068915,0.100718643,0.788689675,0,1,0
0.886016347,0.888876592,0.936362647,0.758808743,0.872498937,1,0,0
0.247583511,0.330385888,0.415747095,0.241655409,0.86134348,0,1,0
0.976066098,0.957453418,0.951846837,0.852820615,0.869539345,1,0,0
0.245993248,0.365176721,0.449326751,0.210044141,0.809891542,0,1,0
0.030410448,0.042464837,0.05576045,0.092597192,0.8913367,0,0,1
0.018372424,0.005620309,0.021416288,0.09544353,0.933038657,0,0,1
0.98289801,0.892919844,0.873079526,0.931974133,0.940587688,1,0,0
0.028997868,0.070849347,0.059925539,0.082678865,0.832855502,0,0,1
0.940289623,0.875982202,0.893467501,0.856787441,0.926881995,1,0,0
0.002061123,0.004789021,0.033557061,0.049005137,0.883771295,0,0,1
0.243798863,0.337571936,0.421479079,0.23043558,0.844761475,0,1,0
0.759728145,0.751831096,0.626053483,0.88418093,0.917709597,1,0,0
0.937775409,0.961585961,0.955096187,0.806019594,0.839169548,1,0,0
0.0,0.010733797,0.069307513,0.0,0.865098731,0,0,1
0.200399787,0.284075246,0.354992158,0.207804765,0.85025672,0,1,0
0.12568408,0.153007224,0.133796095,0.247236649,0.920029115,0,1,0
0.947006041,0.881120842,0.814384176,0.944999515,0.926427334,1,0,0
0.226528074,0.296110681,0.378029319,0.242281131,0.877609255,0,1,0
0.95952381,0.934154728,0.87305396,0.901339808,0.880770149,1,0,0
0.223489694,0.289703101,0.362167006,0.239647587,0.882266994,0,1,0
0.202771855,0.250875304,0.228247586,0.320979633,0.907244614,0,1,0
0.124244847,0.157593768,0.200945968,0.176043531,0.908356725,0,1,0
0.941711087,0.943012154,0.931900713,0.832592517,0.859510632,1,0,0
0.0210199,0.014985814,0.037867253,0.084633378,0.92081297,0,0,1
0.960554371,0.894265499,0.782003447,1.0,0.922513655,1,0,0
0.875541933,0.872942532,0.824123928,0.847150446,0.88082047,1,0,0
0.977256574,0.974402378,0.942721703,0.865349554,0.854180672,1,0,0
0.035154584,0.054343069,0.107685836,0.05543199,0.881085662,0,0,1
0.873205402,0.86550496,0.845421458,0.816750345,0.886722008,1,0,0
0.247148188,0.342835081,0.385755879,0.265058747,0.842615415,0,1,0
0.036549396,0.056052176,0.09379622,0.071731041,0.881612997,0,0,1
0.035083511,0.055034761,0.128189868,0.037348068,0.879526324,0,0,1
0.888139659,0.880494547,0.821472245,0.858608773,0.882624263,1,0,0
0.015982587,0.026118277,0.07710011,0.033070627,0.88228562,0,0,1
0.999813433,1.0,0.987648621,0.851027318,0.845484073,1,0,0
0.032835821,0.054344327,0.11507327,0.042482557,0.874600979,0,0,1
0.732809168,0.768720949,0.708946016,0.758615551,0.875280258,1,0,0
0.017954869,0.037235648,0.077179116,0.040030409,0.865800929,0,0,1
0.233359986,0.312415739,0.319578751,0.306891261,0.864459823,0,1,0
0.027771855,0.043067237,0.082631533,0.062427799,0.882555487,0,0,1
0.952896233,0.924225808,0.87596049,0.896049878,0.885948143,1,0,0
0.01919865,0.018844196,0.072988819,0.046312546,0.907039273,0,0,1
0.980197228,0.961754482,0.948661631,0.864504413,0.868239554,1,0,0
0.86966951,0.856165865,0.816492734,0.838272064,0.893763394,1,0,0
0.244509595,0.331252389,0.410509633,0.244669353,0.855058809,0,1,0
0.035909737,0.050348864,0.084606312,0.077750885,0.89113674,0,0,1
0.213486141,0.309989788,0.373709261,0.216625836,0.834504078,0,1,0
0.843852168,0.82858749,0.78849428,0.830085582,0.902808585,1,0,0
0.02797619,0.046294293,0.112325236,0.041591497,0.876723572,0,0,1
0.858200071,0.870310331,0.880560115,0.855472702,0.870273946,1,0,0
0.954664179,0.925950007,0.898108466,0.886161192,0.885487134,1,0,0
0.910563255,0.902595982,0.92533419,0.795955532,0.876895924,1,0,0
0.912686567,0.909795863,0.944443435,0.776570153,0.871246402,1,0,0
0.023720682,0.024078415,0.049718171,0.07858796,0.909628874,0,0,1
0.029984009,0.049238385,0.099647796,0.051005397,0.876606898,0,0,1
0.018532338,0.024005473,0.082280885,0.036729154,0.894241964,0,0,1
0.032276119,0.055063686,0.102281943,0.054335583,0.871633912,0,0,1
0.02996624,0.0531106,0.130165116,0.023761218,0.868974144,0,0,1
0.229850746,0.31864851,0.419599316,0.209825951,0.849340491,0,1,0
0.172663468,0.24857763,0.313975331,0.185870856,0.854260064,0,1,0
0.028411514,0.04032185,0.093560687,0.05032429,0.889912971,0,0,1
0.945015991,0.933401413,0.939746222,0.825434488,0.871201054,1,0,0
0.024156006,0.038660533,0.071769972,0.059723464,0.880955642,0,0,1
0.035421109,0.056567801,0.092224668,0.070606922,0.877460939,0,0,1
0.921313077,0.884813218,0.851484378,0.873070219,0.9031499,1,0,0
0.029371002,0.046305612,0.100330413,0.047922014,0.880671477,0,0,1
0.023036603,0.032313319,0.079299737,0.04980119,0.890529798,0,0,1
0.946517413,0.995507777,1.0,0.806243431,0.814246128,1,0,0
0.035989694,0.053353321,0.095985731,0.071205348,0.885378334,0,0,1
0.900248756,0.882037648,0.906469172,0.802762236,0.89017622,1,0,0
0.223525231,0.305635904,0.398017833,0.215265131,0.857962864,0,1,0
0.938130775,0.954471598,0.930009847,0.821366669,0.846082671,1,0,0
0.241835466,0.345322655,0.445958254,0.211205499,0.830626927,0,1,0
0.2375,0.35499502,0.421627606,0.229634994,0.810448111,0,1,0
0.971464108,0.938474656,0.868446992,0.92515273,0.884940228,1,0,0
